"Indicator ID","Indicator Name","Parent Code","Parent Name","Area Code","AreaName","Area Type","Sex","Age","Category Type","Category","Time period","Value","Lower CI 95.0 limit","Upper CI 95.0 limit","Lower CI 99.8 limit","Upper CI 99.8 limit","Count","Denominator","Value note","Recent Trend","Compared to England value or percentiles","Compared to parent value or percentiles","Time period Sortable","New data","Compared to goal","Time period range"
"90284","Hospital admissions caused by unintentional and deliberate injuries in children (aged 0 to 14 years)","","","E92000001","England","England","Persons","<15 yrs","","","2023/24","72.71223","72.18314","73.24423","71.87939","73.55181","72,293","9942344","","Decreasing and getting better","Not compared","","20230000","","","1y"
"90284","Hospital admissions caused by unintentional and deliberate injuries in children (aged 0 to 14 years)","E92000001","England","E06000005","Darlington","Upper tier local authorities (post 4/23)","Persons","<15 yrs","","","2023/24","148.9627","130.8555","166.5026","121.7513","177.6858","275","18461","","No significant change","Worse","Worse","20230000","","","1y"
"90284","Hospital admissions caused by unintentional and deliberate injuries in children (aged 0 to 14 years)","E92000001","England","E08000022","North Tyneside","Upper tier local authorities (post 4/23)","Persons","<15 yrs","","","2023/24","145.3405","132.3883","157.9868","125.633","165.8444","505","34746","","No significant change","Worse","Worse","20230000","","","1y"
"90284","Hospital admissions caused by unintentional and deliberate injuries in children (aged 0 to 14 years)","E92000001","England","E06000057","Northumberland","Upper tier local authorities (post 4/23)","Persons","<15 yrs","","","2023/24","139.8037","129.4544","150.7601","123.7619","157.2452","675","48282","","No significant change","Worse","Worse","20230000","","","1y"
"90284","Hospital admissions caused by unintentional and deliberate injuries in children (aged 0 to 14 years)","E92000001","England","E06000046","Isle of Wight","Upper tier local authorities (post 4/23)","Persons","<15 yrs","","","2023/24","120.1735","106.1203","137.862","98.0996","147.8894","230","19139","","No significant change","Worse","Worse","20230000","","","1y"
"90284","Hospital admissions caused by unintentional and deliberate injuries in children (aged 0 to 14 years)","E92000001","England","E06000012","North East Lincolnshire","Upper tier local authorities (post 4/23)","Persons","<15 yrs","","","2023/24","119.6129","107.3968","133.6223","100.6215","141.7876","330","27589","","No significant change","Worse","Worse","20230000","","","1y"
"90284","Hospital admissions caused by unintentional and deliberate injuries in children (aged 0 to 14 years)","E92000001","England","E08000021","Newcastle upon Tyne","Upper tier local authorities (post 4/23)","Persons","<15 yrs","","","2023/24","117.0472","107.9822","127.0912","102.9039","132.9289","590","50407","","Decreasing and getting better","Worse","Worse","20230000","","","1y"
"90284","Hospital admissions caused by unintentional and deliberate injuries in children (aged 0 to 14 years)","E92000001","England","E06000064","Westmorland and Furness","Upper tier local authorities (post 4/23)","Persons","<15 yrs","","","2023/24","115.6344","103.7736","127.7946","97.5352","135.2476","365","31565","","No significant change","Worse","Worse","20230000","","","1y"
"90284","Hospital admissions caused by unintentional and deliberate injuries in children (aged 0 to 14 years)","E92000001","England","E08000024","Sunderland","Upper tier local authorities (post 4/23)","Persons","<15 yrs","","","2023/24","114.6839","104.8731","124.6993","99.6315","130.7775","525","45778","","No significant change","Worse","Worse","20230000","","","1y"
"90284","Hospital admissions caused by unintentional and deliberate injuries in children (aged 0 to 14 years)","E92000001","England","E06000009","Blackpool","Upper tier local authorities (post 4/23)","Persons","<15 yrs","","","2023/24","111.3539","99.1387","126.491","92.1628","135.0797","265","23798","","No significant change","Worse","Worse","20230000","","","1y"
"90284","Hospital admissions caused by unintentional and deliberate injuries in children (aged 0 to 14 years)","E92000001","England","E10000011","East Sussex","Upper tier local authorities (post 4/23)","Persons","<15 yrs","","","2023/24","108.8861","102.0773","116.2779","98.2405","120.5672","920","84492","","No significant change","Worse","Worse","20230000","","","1y"
"90284","Hospital admissions caused by unintentional and deliberate injuries in children (aged 0 to 14 years)","E92000001","England","E08000037","Gateshead","Upper tier local authorities (post 4/23)","Persons","<15 yrs","","","2023/24","104.9111","93.5552","115.9466","87.7589","122.909","345","32885","","No significant change","Worse","Worse","20230000","","","1y"
"90284","Hospital admissions caused by unintentional and deliberate injuries in children (aged 0 to 14 years)","E92000001","England","E06000059","Dorset","Upper tier local authorities (post 4/23)","Persons","<15 yrs","","","2023/24","103.6914","95.5667","113.1237","90.9144","118.4979","550","53042","","No significant change","Worse","Worse","20230000","","","1y"
"90284","Hospital admissions caused by unintentional and deliberate injuries in children (aged 0 to 14 years)","E92000001","England","E10000017","Lancashire","Upper tier local authorities (post 4/23)","Persons","<15 yrs","","","2023/24","102.5687","98.386","107.0791","95.9829","109.663","2,165","211078","","Decreasing and getting better","Worse","Worse","20230000","","","1y"
"90284","Hospital admissions caused by unintentional and deliberate injuries in children (aged 0 to 14 years)","E92000001","England","E06000013","North Lincolnshire","Upper tier local authorities (post 4/23)","Persons","<15 yrs","","","2023/24","100.9779","89.5933","113.4083","83.4947","120.8664","285","28224","","No significant change","Worse","Worse","20230000","","","1y"
"90284","Hospital admissions caused by unintentional and deliberate injuries in children (aged 0 to 14 years)","E92000001","England","E06000043","Brighton and Hove","Upper tier local authorities (post 4/23)","Persons","<15 yrs","","","2023/24","99.3851","89.0761","109.4145","83.7872","115.7194","375","37732","","No significant change","Worse","Worse","20230000","","","1y"
"90284","Hospital admissions caused by unintentional and deliberate injuries in children (aged 0 to 14 years)","E92000001","England","E08000012","Liverpool","Upper tier local authorities (post 4/23)","Persons","<15 yrs","","","2023/24","99.3628","92.5958","106.4936","88.859","110.7055","800","80513","","No significant change","Worse","Worse","20230000","","","1y"
"90284","Hospital admissions caused by unintentional and deliberate injuries in children (aged 0 to 14 years)","E92000001","England","E08000004","Oldham","Upper tier local authorities (post 4/23)","Persons","<15 yrs","","","2023/24","98.7744","90.6101","107.8857","86.0459","113.1843","515","52139","","Decreasing and getting better","Worse","Worse","20230000","","","1y"
"90284","Hospital admissions caused by unintentional and deliberate injuries in children (aged 0 to 14 years)","E92000001","England","E08000023","South Tyneside","Upper tier local authorities (post 4/23)","Persons","<15 yrs","","","2023/24","97.8435","85.9738","110.8936","79.6537","118.7472","245","25040","","Decreasing and getting better","Worse","Worse","20230000","","","1y"
"90284","Hospital admissions caused by unintentional and deliberate injuries in children (aged 0 to 14 years)","E92000001","England","E06000047","County Durham","Upper tier local authorities (post 4/23)","Persons","<15 yrs","","","2023/24","97.8306","91.1679","104.8515","87.4887","108.9984","800","81774","","No significant change","Worse","Worse","20230000","","","1y"
"90284","Hospital admissions caused by unintentional and deliberate injuries in children (aged 0 to 14 years)","E92000001","England","E06000003","Redcar and Cleveland","Upper tier local authorities (post 4/23)","Persons","<15 yrs","","","2023/24","97.7343","84.8301","111.0649","78.2273","119.3742","220","22510","","No significant change","Worse","Worse","20230000","","","1y"
"90284","Hospital admissions caused by unintentional and deliberate injuries in children (aged 0 to 14 years)","E92000001","England","E08000008","Tameside","Upper tier local authorities (post 4/23)","Persons","<15 yrs","","","2023/24","97.2763","88.4147","107.2823","83.4776","113.1069","420","43176","","No significant change","Worse","Worse","20230000","","","1y"
"90284","Hospital admissions caused by unintentional and deliberate injuries in children (aged 0 to 14 years)","E92000001","England","E09000033","Westminster","Upper tier local authorities (post 4/23)","Persons","<15 yrs","","","2023/24","96.8015","84.1851","108.9973","77.9044","116.8268","240","24793","","No significant change","Worse","Worse","20230000","","","1y"
"90284","Hospital admissions caused by unintentional and deliberate injuries in children (aged 0 to 14 years)","E92000001","England","E08000011","Knowsley","Upper tier local authorities (post 4/23)","Persons","<15 yrs","","","2023/24","95.8789","85.0691","107.6816","79.2786","114.7631","285","29725","","No significant change","Worse","Worse","20230000","","","1y"
"90284","Hospital admissions caused by unintentional and deliberate injuries in children (aged 0 to 14 years)","E92000001","England","E06000065","North Yorkshire UA","Upper tier local authorities (post 4/23)","Persons","<15 yrs","","","2023/24","95.0846","88.7146","101.3393","85.3085","105.1563","885","93075","","No significant change","Worse","Worse","20230000","","","1y"
"90284","Hospital admissions caused by unintentional and deliberate injuries in children (aged 0 to 14 years)","E92000001","England","E06000019","Herefordshire","Upper tier local authorities (post 4/23)","Persons","<15 yrs","","","2023/24","94.4944","84.1286","107.3396","78.2089","114.628","265","28044","","No significant change","Worse","Worse","20230000","","","1y"
"90284","Hospital admissions caused by unintentional and deliberate injuries in children (aged 0 to 14 years)","E92000001","England","E08000033","Calderdale","Upper tier local authorities (post 4/23)","Persons","<15 yrs","","","2023/24","94.4593","84.5654","104.6085","79.372","110.8368","350","37053","","Decreasing and getting better","Worse","Worse","20230000","","","1y"
"90284","Hospital admissions caused by unintentional and deliberate injuries in children (aged 0 to 14 years)","E92000001","England","E06000010","Kingston upon Hull","Upper tier local authorities (post 4/23)","Persons","<15 yrs","","","2023/24","94.2082","85.7801","102.8204","81.2933","108.059","480","50951","","No significant change","Worse","Worse","20230000","","","1y"
"90284","Hospital admissions caused by unintentional and deliberate injuries in children (aged 0 to 14 years)","E92000001","England","E08000018","Rotherham","Upper tier local authorities (post 4/23)","Persons","<15 yrs","","","2023/24","93.3862","85.1539","102.6436","80.5619","108.0307","450","48187","","Increasing and getting worse","Worse","Worse","20230000","","","1y"
"90284","Hospital admissions caused by unintentional and deliberate injuries in children (aged 0 to 14 years)","E92000001","England","E06000006","Halton","Upper tier local authorities (post 4/23)","Persons","<15 yrs","","","2023/24","93.0109","80.0295","105.5322","73.6346","113.6289","210","22578","","No significant change","Worse","Worse","20230000","","","1y"
"90284","Hospital admissions caused by unintentional and deliberate injuries in children (aged 0 to 14 years)","E92000001","England","E08000014","Sefton","Upper tier local authorities (post 4/23)","Persons","<15 yrs","","","2023/24","92.7872","83.8607","101.9243","79.1379","107.5039","415","44726","","No significant change","Worse","Worse","20230000","","","1y"
"90284","Hospital admissions caused by unintentional and deliberate injuries in children (aged 0 to 14 years)","E92000001","England","E06000063","Cumberland","Upper tier local authorities (post 4/23)","Persons","<15 yrs","","","2023/24","92.415","83.9696","102.4847","79.1391","108.2119","395","42742","","Decreasing and getting better","Worse","Worse","20230000","","","1y"
"90284","Hospital admissions caused by unintentional and deliberate injuries in children (aged 0 to 14 years)","E92000001","England","E08000032","Bradford","Upper tier local authorities (post 4/23)","Persons","<15 yrs","","","2023/24","91.1745","85.7802","96.8191","82.7838","100.1427","1,065","116809","","Decreasing and getting better","Worse","Worse","20230000","","","1y"
"90284","Hospital admissions caused by unintentional and deliberate injuries in children (aged 0 to 14 years)","E92000001","England","E06000002","Middlesbrough","Upper tier local authorities (post 4/23)","Persons","<15 yrs","","","2023/24","90.8966","79.9584","102.162","74.2997","109.1373","265","29154","","Decreasing and getting better","Worse","Worse","20230000","","","1y"
"90284","Hospital admissions caused by unintentional and deliberate injuries in children (aged 0 to 14 years)","E92000001","England","E06000020","Telford and Wrekin","Upper tier local authorities (post 4/23)","Persons","<15 yrs","","","2023/24","87.9913","78.2773","97.9703","73.2051","104.1141","315","35799","","Decreasing and getting better","Worse","Worse","20230000","","","1y"
"90284","Hospital admissions caused by unintentional and deliberate injuries in children (aged 0 to 14 years)","E92000001","England","E06000058","Bournemouth, Christchurch and Poole","Upper tier local authorities (post 4/23)","Persons","<15 yrs","","","2023/24","87.8863","80.7848","95.7912","76.8118","100.3874","540","61443","","Decreasing and getting better","Worse","Worse","20230000","","","1y"
"90284","Hospital admissions caused by unintentional and deliberate injuries in children (aged 0 to 14 years)","E92000001","England","E06000054","Wiltshire","Upper tier local authorities (post 4/23)","Persons","<15 yrs","","","2023/24","87.5801","81.4032","94.1014","77.9977","97.9566","745","85065","","No significant change","Worse","Worse","20230000","","","1y"
"90284","Hospital admissions caused by unintentional and deliberate injuries in children (aged 0 to 14 years)","E92000001","England","E10000008","Devon","Upper tier local authorities (post 4/23)","Persons","<15 yrs","","","2023/24","87.299","82.11","92.7301","79.2281","95.9282","1,055","120849","","Decreasing and getting better","Worse","Worse","20230000","","","1y"
"90284","Hospital admissions caused by unintentional and deliberate injuries in children (aged 0 to 14 years)","E92000001","England","E10000032","West Sussex","Upper tier local authorities (post 4/23)","Persons","<15 yrs","","","2023/24","87.0904","82.4021","91.9759","79.7888","94.8471","1,290","148122","","Decreasing and getting better","Worse","Worse","20230000","","","1y"
"90284","Hospital admissions caused by unintentional and deliberate injuries in children (aged 0 to 14 years)","E92000001","England","E06000008","Blackburn with Darwen","Upper tier local authorities (post 4/23)","Persons","<15 yrs","","","2023/24","87.0688","77.9008","98.3237","72.6631","104.7134","290","33307","","Decreasing and getting better","Worse","Worse","20230000","","","1y"
"90284","Hospital admissions caused by unintentional and deliberate injuries in children (aged 0 to 14 years)","E92000001","England","E06000066","Somerset UA","Upper tier local authorities (post 4/23)","Persons","<15 yrs","","","2023/24","86.3738","80.6488","92.8613","77.3671","96.5639","785","90884","","Decreasing and getting better","Worse","Worse","20230000","","","1y"
"90284","Hospital admissions caused by unintentional and deliberate injuries in children (aged 0 to 14 years)","E92000001","England","E06000050","Cheshire West and Chester","Upper tier local authorities (post 4/23)","Persons","<15 yrs","","","2023/24","86.3322","78.9656","94.2009","74.9443","98.8769","505","58495","","Decreasing and getting better","Worse","Worse","20230000","","","1y"
"90284","Hospital admissions caused by unintentional and deliberate injuries in children (aged 0 to 14 years)","E92000001","England","E06000023","Bristol","Upper tier local authorities (post 4/23)","Persons","<15 yrs","","","2023/24","86.2001","79.6227","92.8994","76.0787","96.9431","660","76566","","Decreasing and getting better","Worse","Worse","20230000","","","1y"
"90284","Hospital admissions caused by unintentional and deliberate injuries in children (aged 0 to 14 years)","E92000001","England","E08000025","Birmingham","Upper tier local authorities (post 4/23)","Persons","<15 yrs","","","2023/24","86.1249","82.3683","89.8363","80.306","92.0578","2,065","239768","","No significant change","Worse","Worse","20230000","","","1y"
"90284","Hospital admissions caused by unintentional and deliberate injuries in children (aged 0 to 14 years)","E92000001","England","E06000027","Torbay","Upper tier local authorities (post 4/23)","Persons","<15 yrs","","","2023/24","85.8432","73.5949","99.5471","67.1723","107.856","175","20386","","No significant change","Worse","Worse","20230000","","","1y"
"90284","Hospital admissions caused by unintentional and deliberate injuries in children (aged 0 to 14 years)","E92000001","England","E06000007","Warrington","Upper tier local authorities (post 4/23)","Persons","<15 yrs","","","2023/24","85.0877","76.1374","95.3964","71.1797","101.407","310","36433","","Decreasing and getting better","Worse","Worse","20230000","","","1y"
"90284","Hospital admissions caused by unintentional and deliberate injuries in children (aged 0 to 14 years)","E92000001","England","E09000030","Tower Hamlets","Upper tier local authorities (post 4/23)","Persons","<15 yrs","","","2023/24","85.0163","77.3417","93.2465","73.1663","98.1457","450","52931","","No significant change","Worse","Worse","20230000","","","1y"
"90284","Hospital admissions caused by unintentional and deliberate injuries in children (aged 0 to 14 years)","E92000001","England","E06000049","Cheshire East","Upper tier local authorities (post 4/23)","Persons","<15 yrs","","","2023/24","84.9398","77.9963","92.0214","74.2737","96.3095","575","67695","","No significant change","Worse","Worse","20230000","","","1y"
"90284","Hospital admissions caused by unintentional and deliberate injuries in children (aged 0 to 14 years)","E92000001","England","E08000026","Coventry","Upper tier local authorities (post 4/23)","Persons","<15 yrs","","","2023/24","84.5911","78.0728","92.1385","74.3399","96.4395","570","67383","","Decreasing and getting better","Worse","Worse","20230000","","","1y"
"90284","Hospital admissions caused by unintentional and deliberate injuries in children (aged 0 to 14 years)","E92000001","England","E08000005","Rochdale","Upper tier local authorities (post 4/23)","Persons","<15 yrs","","","2023/24","84.2487","76.3468","93.2049","71.9492","98.4199","395","46885","","Decreasing and getting better","Worse","Worse","20230000","","","1y"
"90284","Hospital admissions caused by unintentional and deliberate injuries in children (aged 0 to 14 years)","E92000001","England","E09000005","Brent","Upper tier local authorities (post 4/23)","Persons","<15 yrs","","","2023/24","83.5176","76.4254","91.0907","72.5529","95.5904","510","61065","","Increasing and getting worse","Worse","Worse","20230000","","","1y"
"90284","Hospital admissions caused by unintentional and deliberate injuries in children (aged 0 to 14 years)","E92000001","England","E08000013","St. Helens","Upper tier local authorities (post 4/23)","Persons","<15 yrs","","","2023/24","83.0944","73.8191","94.6359","68.5229","101.183","255","30688","","Decreasing and getting better","Worse","Worse","20230000","","","1y"
"90284","Hospital admissions caused by unintentional and deliberate injuries in children (aged 0 to 14 years)","E92000001","England","E08000036","Wakefield","Upper tier local authorities (post 4/23)","Persons","<15 yrs","","","2023/24","82.9017","75.8098","90.1416","72.0207","94.5353","525","63328","","No significant change","Worse","Worse","20230000","","","1y"
"90284","Hospital admissions caused by unintentional and deliberate injuries in children (aged 0 to 14 years)","E92000001","England","E06000014","York","Upper tier local authorities (post 4/23)","Persons","<15 yrs","","","2023/24","82.7902","73.2019","94.8295","67.7289","101.6553","235","28385","","No significant change","Worse","Worse","20230000","","","1y"
"90284","Hospital admissions caused by unintentional and deliberate injuries in children (aged 0 to 14 years)","E92000001","England","E06000011","East Riding of Yorkshire","Upper tier local authorities (post 4/23)","Persons","<15 yrs","","","2023/24","82.4127","74.9052","90.8899","70.7225","95.8245","420","50963","","No significant change","Worse","Worse","20230000","","","1y"
"90284","Hospital admissions caused by unintentional and deliberate injuries in children (aged 0 to 14 years)","E92000001","England","E08000017","Doncaster","Upper tier local authorities (post 4/23)","Persons","<15 yrs","","","2023/24","82.3083","75.0906","90.4195","71.0638","95.1393","455","55280","","No significant change","Worse","Worse","20230000","","","1y"
"90284","Hospital admissions caused by unintentional and deliberate injuries in children (aged 0 to 14 years)","E92000001","England","E08000030","Walsall","Upper tier local authorities (post 4/23)","Persons","<15 yrs","","","2023/24","82.1271","75.2702","90.1712","71.3456","94.7511","480","58446","","No significant change","Worse","Worse","20230000","","","1y"
"90284","Hospital admissions caused by unintentional and deliberate injuries in children (aged 0 to 14 years)","E92000001","England","E08000007","Stockport","Upper tier local authorities (post 4/23)","Persons","<15 yrs","","","2023/24","81.4058","74.1128","89.6234","70.0471","94.4061","435","53436","","Decreasing and getting better","Worse","Worse","20230000","","","1y"
"90284","Hospital admissions caused by unintentional and deliberate injuries in children (aged 0 to 14 years)","E92000001","England","E08000029","Solihull","Upper tier local authorities (post 4/23)","Persons","<15 yrs","","","2023/24","81.183","72.5956","90.5069","67.973","96.0875","325","40033","","Decreasing and getting better","Similar","Similar","20230000","","","1y"
"90284","Hospital admissions caused by unintentional and deliberate injuries in children (aged 0 to 14 years)","E92000001","England","E08000001","Bolton","Upper tier local authorities (post 4/23)","Persons","<15 yrs","","","2023/24","80.7847","73.6677","88.0547","69.8742","92.4733","495","61274","","No significant change","Worse","Worse","20230000","","","1y"
"90284","Hospital admissions caused by unintentional and deliberate injuries in children (aged 0 to 14 years)","E92000001","England","E06000004","Stockton-on-Tees","Upper tier local authorities (post 4/23)","Persons","<15 yrs","","","2023/24","79.9912","70.5286","89.1645","65.7533","94.9982","290","36254","","No significant change","Similar","Similar","20230000","","","1y"
"90284","Hospital admissions caused by unintentional and deliberate injuries in children (aged 0 to 14 years)","E92000001","England","E08000003","Manchester","Upper tier local authorities (post 4/23)","Persons","<15 yrs","","","2023/24","79.0737","73.6827","84.3654","70.8039","87.5979","855","108127","","Decreasing and getting better","Worse","Worse","20230000","","","1y"
"90284","Hospital admissions caused by unintentional and deliberate injuries in children (aged 0 to 14 years)","E92000001","England","E06000030","Swindon","Upper tier local authorities (post 4/23)","Persons","<15 yrs","","","2023/24","78.9711","71.1271","87.9311","66.7716","93.1517","350","44320","","No significant change","Similar","Similar","20230000","","","1y"
"90284","Hospital admissions caused by unintentional and deliberate injuries in children (aged 0 to 14 years)","E92000001","England","E08000015","Wirral","Upper tier local authorities (post 4/23)","Persons","<15 yrs","","","2023/24","78.3064","71.0375","86.1172","67.0897","90.771","425","54274","","Decreasing and getting better","Similar","Similar","20230000","","","1y"
"90284","Hospital admissions caused by unintentional and deliberate injuries in children (aged 0 to 14 years)","E92000001","England","E06000055","Bedford","Upper tier local authorities (post 4/23)","Persons","<15 yrs","","","2023/24","78.027","69.4165","88.0175","64.6573","93.8461","280","35885","","No significant change","Similar","Similar","20230000","","","1y"
"90284","Hospital admissions caused by unintentional and deliberate injuries in children (aged 0 to 14 years)","E92000001","England","E06000001","Hartlepool","Upper tier local authorities (post 4/23)","Persons","<15 yrs","","","2023/24","77.4732","65.2725","92.6406","58.6666","101.5417","130","16780","","No significant change","Similar","Similar","20230000","","","1y"
"90284","Hospital admissions caused by unintentional and deliberate injuries in children (aged 0 to 14 years)","E92000001","England","E08000034","Kirklees","Upper tier local authorities (post 4/23)","Persons","<15 yrs","","","2023/24","77.1652","71.2564","83.4333","68.0118","87.1466","630","81643","","No significant change","Similar","Similar","20230000","","","1y"
"90284","Hospital admissions caused by unintentional and deliberate injuries in children (aged 0 to 14 years)","E92000001","England","E06000035","Medway","Upper tier local authorities (post 4/23)","Persons","<15 yrs","","","2023/24","77.0416","70.1015","84.867","66.2333","89.4216","430","55814","","Decreasing and getting better","Similar","Similar","20230000","","","1y"
"90284","Hospital admissions caused by unintentional and deliberate injuries in children (aged 0 to 14 years)","E92000001","England","E10000019","Lincolnshire","Upper tier local authorities (post 4/23)","Persons","<15 yrs","","","2023/24","77.0143","72.3158","82.2834","69.6212","85.2929","935","121406","","Decreasing and getting better","Similar","Similar","20230000","","","1y"
"90284","Hospital admissions caused by unintentional and deliberate injuries in children (aged 0 to 14 years)","E92000001","England","E06000032","Luton","Upper tier local authorities (post 4/23)","Persons","<15 yrs","","","2023/24","76.3889","69.325","84.8305","65.285","89.631","385","50400","","No significant change","Similar","Similar","20230000","","","1y"
"90284","Hospital admissions caused by unintentional and deliberate injuries in children (aged 0 to 14 years)","E92000001","England","E08000016","Barnsley","Upper tier local authorities (post 4/23)","Persons","<15 yrs","","","2023/24","75.1703","66.7147","83.3789","62.4194","88.5753","320","42570","","No significant change","Similar","Similar","20230000","","","1y"
"90284","Hospital admissions caused by unintentional and deliberate injuries in children (aged 0 to 14 years)","E92000001","England","E06000026","Plymouth","Upper tier local authorities (post 4/23)","Persons","<15 yrs","","","2023/24","74.3425","66.4192","82.9509","62.1565","88.1046","320","43044","","Decreasing and getting better","Similar","Similar","20230000","","","1y"
"90284","Hospital admissions caused by unintentional and deliberate injuries in children (aged 0 to 14 years)","E92000001","England","E06000025","South Gloucestershire","Upper tier local authorities (post 4/23)","Persons","<15 yrs","","","2023/24","74.0063","67.1213","82.2436","63.1839","86.9275","380","51347","","Decreasing and getting better","Similar","Similar","20230000","","","1y"
"90284","Hospital admissions caused by unintentional and deliberate injuries in children (aged 0 to 14 years)","E92000001","England","E08000010","Wigan","Upper tier local authorities (post 4/23)","Persons","<15 yrs","","","2023/24","73.429","66.8143","80.8874","63.1275","85.2285","430","58560","","Decreasing and getting better","Similar","Similar","20230000","","","1y"
"90284","Hospital admissions caused by unintentional and deliberate injuries in children (aged 0 to 14 years)","E92000001","England","E10000025","Oxfordshire","Upper tier local authorities (post 4/23)","Persons","<15 yrs","","","2023/24","72.6176","67.8982","77.4109","65.3292","80.285","910","125314","","Decreasing and getting better","Similar","Similar","20230000","","","1y"
"90284","Hospital admissions caused by unintentional and deliberate injuries in children (aged 0 to 14 years)","E92000001","England","E06000031","Peterborough","Upper tier local authorities (post 4/23)","Persons","<15 yrs","","","2023/24","72.5705","65.0606","80.7094","61.0117","85.5768","340","46851","","No significant change","Similar","Similar","20230000","","","1y"
"90284","Hospital admissions caused by unintentional and deliberate injuries in children (aged 0 to 14 years)","E92000001","England","E06000045","Southampton","Upper tier local authorities (post 4/23)","Persons","<15 yrs","","","2023/24","72.1364","64.0436","80.4539","59.8249","85.58","305","42281","","No significant change","Similar","Similar","20230000","","","1y"
"90284","Hospital admissions caused by unintentional and deliberate injuries in children (aged 0 to 14 years)","E92000001","England","E09000019","Islington","Upper tier local authorities (post 4/23)","Persons","<15 yrs","","","2023/24","71.8679","61.9577","81.4306","57.0665","87.6061","215","29916","","No significant change","Similar","Similar","20230000","","","1y"
"90284","Hospital admissions caused by unintentional and deliberate injuries in children (aged 0 to 14 years)","E92000001","England","E09000017","Hillingdon","Upper tier local authorities (post 4/23)","Persons","<15 yrs","","","2023/24","71.795","65.1246","78.6172","61.5848","82.7752","445","61982","","No significant change","Similar","Similar","20230000","","","1y"
"90284","Hospital admissions caused by unintentional and deliberate injuries in children (aged 0 to 14 years)","E92000001","England","E06000056","Central Bedfordshire","Upper tier local authorities (post 4/23)","Persons","<15 yrs","","","2023/24","71.5645","64.6379","78.6555","60.9752","82.9871","410","57291","","Decreasing and getting better","Similar","Similar","20230000","","","1y"
"90284","Hospital admissions caused by unintentional and deliberate injuries in children (aged 0 to 14 years)","E92000001","England","E08000006","Salford","Upper tier local authorities (post 4/23)","Persons","<15 yrs","","","2023/24","71.3322","64.065","78.7815","60.2403","83.3453","370","51870","","Decreasing and getting better","Similar","Similar","20230000","","","1y"
"90284","Hospital admissions caused by unintentional and deliberate injuries in children (aged 0 to 14 years)","E92000001","England","E10000013","Gloucestershire","Upper tier local authorities (post 4/23)","Persons","<15 yrs","","","2023/24","71.1092","66.1588","76.332","63.4279","79.4184","765","107581","","Decreasing and getting better","Similar","Similar","20230000","","","1y"
"90284","Hospital admissions caused by unintentional and deliberate injuries in children (aged 0 to 14 years)","E92000001","England","E09000023","Lewisham","Upper tier local authorities (post 4/23)","Persons","<15 yrs","","","2023/24","71.0295","63.6111","78.2455","59.8082","82.7843","370","52091","","Decreasing and getting better","Similar","Similar","20230000","","","1y"
"90284","Hospital admissions caused by unintentional and deliberate injuries in children (aged 0 to 14 years)","E92000001","England","E09000020","Kensington and Chelsea","Upper tier local authorities (post 4/23)","Persons","<15 yrs","","","2023/24","70.64","58.2683","82.4766","52.4169","90.3431","135","19111","","No significant change","Similar","Similar","20230000","","","1y"
"90284","Hospital admissions caused by unintentional and deliberate injuries in children (aged 0 to 14 years)","E92000001","England","E10000016","Kent","Upper tier local authorities (post 4/23)","Persons","<15 yrs","","","2023/24","70.5549","67.4885","73.653","65.7867","75.4872","2,035","288428","","No significant change","Similar","Similar","20230000","","","1y"
"90284","Hospital admissions caused by unintentional and deliberate injuries in children (aged 0 to 14 years)","E92000001","England","E06000024","North Somerset","Upper tier local authorities (post 4/23)","Persons","<15 yrs","","","2023/24","70.442","62.0603","79.6399","57.5901","85.1706","255","36200","","No significant change","Similar","Similar","20230000","","","1y"
"90284","Hospital admissions caused by unintentional and deliberate injuries in children (aged 0 to 14 years)","E92000001","England","E08000028","Sandwell","Upper tier local authorities (post 4/23)","Persons","<15 yrs","","","2023/24","69.8459","63.6216","75.9234","60.3752","79.6994","505","72302","","Decreasing and getting better","Similar","Similar","20230000","","","1y"
"90284","Hospital admissions caused by unintentional and deliberate injuries in children (aged 0 to 14 years)","E92000001","England","E09000027","Richmond upon Thames","Upper tier local authorities (post 4/23)","Persons","<15 yrs","","","2023/24","69.8076","61.5014","78.9226","57.0714","84.4036","255","36529","","No significant change","Similar","Similar","20230000","","","1y"
"90284","Hospital admissions caused by unintentional and deliberate injuries in children (aged 0 to 14 years)","E92000001","England","E06000051","Shropshire","Upper tier local authorities (post 4/23)","Persons","<15 yrs","","","2023/24","68.4775","61.2876","76.2791","57.4152","80.9473","330","48191","","Decreasing and getting better","Similar","Similar","20230000","","","1y"
"90284","Hospital admissions caused by unintentional and deliberate injuries in children (aged 0 to 14 years)","E92000001","England","E09000007","Camden","Upper tier local authorities (post 4/23)","Persons","<15 yrs","","","2023/24","68.388","59.0351","78.0618","54.2709","84.108","205","29976","","No significant change","Similar","Similar","20230000","","","1y"
"90284","Hospital admissions caused by unintentional and deliberate injuries in children (aged 0 to 14 years)","E92000001","England","E06000036","Bracknell Forest","Upper tier local authorities (post 4/23)","Persons","<15 yrs","","","2023/24","68.0851","57.1585","78.5737","51.9029","85.4666","160","23500","","Cannot be calculated","Similar","Similar","20230000","","","1y"
"90284","Hospital admissions caused by unintentional and deliberate injuries in children (aged 0 to 14 years)","E92000001","England","E09000015","Harrow","Upper tier local authorities (post 4/23)","Persons","<15 yrs","","","2023/24","67.7274","60.8594","75.5956","57.0491","80.1812","335","49463","","Increasing and getting worse","Similar","Similar","20230000","","","1y"
"90284","Hospital admissions caused by unintentional and deliberate injuries in children (aged 0 to 14 years)","E92000001","England","E09000021","Kingston upon Thames","Upper tier local authorities (post 4/23)","Persons","<15 yrs","","","2023/24","67.63","58.0735","76.844","53.3751","82.8101","205","30312","","No significant change","Similar","Similar","20230000","","","1y"
"90284","Hospital admissions caused by unintentional and deliberate injuries in children (aged 0 to 14 years)","E92000001","England","E10000014","Hampshire","Upper tier local authorities (post 4/23)","Persons","<15 yrs","","","2023/24","67.4034","64.0533","70.7078","62.2267","72.6958","1,595","236635","","Decreasing and getting better","Better","Better","20230000","","","1y"
"90284","Hospital admissions caused by unintentional and deliberate injuries in children (aged 0 to 14 years)","E92000001","England","E10000031","Warwickshire","Upper tier local authorities (post 4/23)","Persons","<15 yrs","","","2023/24","67.1083","62.2283","72.2693","59.5418","75.3227","700","104309","","Decreasing and getting better","Better","Better","20230000","","","1y"
"90284","Hospital admissions caused by unintentional and deliberate injuries in children (aged 0 to 14 years)","E92000001","England","E08000031","Wolverhampton","Upper tier local authorities (post 4/23)","Persons","<15 yrs","","","2023/24","67.0438","60.5156","74.4804","56.8877","78.8124","365","54442","","No significant change","Similar","Similar","20230000","","","1y"
"90284","Hospital admissions caused by unintentional and deliberate injuries in children (aged 0 to 14 years)","E92000001","England","E10000029","Suffolk","Upper tier local authorities (post 4/23)","Persons","<15 yrs","","","2023/24","66.8449","62.3741","71.5516","59.9033","74.3304","830","124168","","Decreasing and getting better","Better","Better","20230000","","","1y"
"90284","Hospital admissions caused by unintentional and deliberate injuries in children (aged 0 to 14 years)","E92000001","England","E10000030","Surrey","Upper tier local authorities (post 4/23)","Persons","<15 yrs","","","2023/24","66.0387","62.5882","69.4399","60.7123","71.4904","1,445","218811","","Cannot be calculated","Better","Better","20230000","","","1y"
"90284","Hospital admissions caused by unintentional and deliberate injuries in children (aged 0 to 14 years)","E92000001","England","E09000012","Hackney","Upper tier local authorities (post 4/23)","Persons","<15 yrs","","","2023/24","65.4065","58.625","73.7033","54.7502","78.4144","300","45867","<span class=""tooltipValueNote"">* Value for Hackney and City of London combined</span>","Decreasing and getting better","Similar","Similar","20230000","","","1y"
"90284","Hospital admissions caused by unintentional and deliberate injuries in children (aged 0 to 14 years)","E92000001","England","E06000022","Bath and North East Somerset","Upper tier local authorities (post 4/23)","Persons","<15 yrs","","","2023/24","65.3485","56.4975","75.1927","51.8319","81.1463","195","29840","","Decreasing and getting better","Similar","Similar","20230000","","","1y"
"90284","Hospital admissions caused by unintentional and deliberate injuries in children (aged 0 to 14 years)","E92000001","England","E08000035","Leeds","Upper tier local authorities (post 4/23)","Persons","<15 yrs","","","2023/24","65.0079","60.9393","69.2768","58.6843","71.7934","950","146136","","No significant change","Better","Better","20230000","","","1y"
"90284","Hospital admissions caused by unintentional and deliberate injuries in children (aged 0 to 14 years)","E92000001","England","E10000003","Cambridgeshire","Upper tier local authorities (post 4/23)","Persons","<15 yrs","","","2023/24","64.0055","59.4764","68.7881","56.9797","71.6157","740","115615","","No significant change","Better","Better","20230000","","","1y"
"90284","Hospital admissions caused by unintentional and deliberate injuries in children (aged 0 to 14 years)","E92000001","England","E10000028","Staffordshire","Upper tier local authorities (post 4/23)","Persons","<15 yrs","","","2023/24","63.532","59.5382","67.8697","57.288","70.3868","910","143235","","Decreasing and getting better","Better","Better","20230000","","","1y"
"90284","Hospital admissions caused by unintentional and deliberate injuries in children (aged 0 to 14 years)","E92000001","England","E06000062","West Northamptonshire","Upper tier local authorities (post 4/23)","Persons","<15 yrs","","","2023/24","63.3561","57.9237","69.1608","54.9591","72.6107","500","78919","","No significant change","Better","Better","20230000","","","1y"
"90284","Hospital admissions caused by unintentional and deliberate injuries in children (aged 0 to 14 years)","E92000001","England","E09000009","Ealing","Upper tier local authorities (post 4/23)","Persons","<15 yrs","","","2023/24","63.2996","57.2819","69.4576","54.0948","73.2154","425","67141","","No significant change","Better","Better","20230000","","","1y"
"90284","Hospital admissions caused by unintentional and deliberate injuries in children (aged 0 to 14 years)","E92000001","England","E10000015","Hertfordshire","Upper tier local authorities (post 4/23)","Persons","<15 yrs","","","2023/24","63.2769","60.0879","66.6829","58.2825","68.6567","1,435","226781","","Decreasing and getting better","Better","Better","20230000","","","1y"
"90284","Hospital admissions caused by unintentional and deliberate injuries in children (aged 0 to 14 years)","E92000001","England","E06000044","Portsmouth","Upper tier local authorities (post 4/23)","Persons","<15 yrs","","","2023/24","62.0522","53.5959","70.2152","49.4145","75.4801","220","35454","","No significant change","Better","Better","20230000","","","1y"
"90284","Hospital admissions caused by unintentional and deliberate injuries in children (aged 0 to 14 years)","E92000001","England","E09000031","Waltham Forest","Upper tier local authorities (post 4/23)","Persons","<15 yrs","","","2023/24","61.9957","55.6182","69.317","52.0823","73.5846","325","52423","","Decreasing and getting better","Better","Better","20230000","","","1y"
"90284","Hospital admissions caused by unintentional and deliberate injuries in children (aged 0 to 14 years)","E92000001","England","E10000007","Derbyshire","Upper tier local authorities (post 4/23)","Persons","<15 yrs","","","2023/24","61.7512","57.6582","66.3893","55.312","69.0364","785","127123","","Decreasing and getting better","Better","Better","20230000","","","1y"
"90284","Hospital admissions caused by unintentional and deliberate injuries in children (aged 0 to 14 years)","E92000001","England","E10000020","Norfolk","Upper tier local authorities (post 4/23)","Persons","<15 yrs","","","2023/24","61.5229","57.3532","65.6163","55.1256","68.116","865","140598","","Decreasing and getting better","Better","Better","20230000","","","1y"
"90284","Hospital admissions caused by unintentional and deliberate injuries in children (aged 0 to 14 years)","E92000001","England","E06000061","North Northamptonshire","Upper tier local authorities (post 4/23)","Persons","<15 yrs","","","2023/24","61.2352","55.1662","67.1461","52.0363","70.8484","410","66955","","No significant change","Better","Better","20230000","","","1y"
"90284","Hospital admissions caused by unintentional and deliberate injuries in children (aged 0 to 14 years)","E92000001","England","E08000002","Bury","Upper tier local authorities (post 4/23)","Persons","<15 yrs","","","2023/24","60.6161","53.3847","69.7649","49.2582","74.9498","220","36294","","Decreasing and getting better","Better","Better","20230000","","","1y"
"90284","Hospital admissions caused by unintentional and deliberate injuries in children (aged 0 to 14 years)","E92000001","England","E10000034","Worcestershire","Upper tier local authorities (post 4/23)","Persons","<15 yrs","","","2023/24","60.5623","55.7931","65.6301","53.1781","68.6347","595","98246","","Decreasing and getting better","Better","Better","20230000","","","1y"
"90284","Hospital admissions caused by unintentional and deliberate injuries in children (aged 0 to 14 years)","E92000001","England","E09000003","Barnet","Upper tier local authorities (post 4/23)","Persons","<15 yrs","","","2023/24","59.9825","54.8744","65.9955","51.9512","69.4183","460","76689","","No significant change","Better","Better","20230000","","","1y"
"90284","Hospital admissions caused by unintentional and deliberate injuries in children (aged 0 to 14 years)","E92000001","England","E06000038","Reading","Upper tier local authorities (post 4/23)","Persons","<15 yrs","","","2023/24","59.9161","51.9916","69.406","47.6525","74.9573","190","31711","","No significant change","Better","Better","20230000","","","1y"
"90284","Hospital admissions caused by unintentional and deliberate injuries in children (aged 0 to 14 years)","E92000001","England","E06000017","Rutland","Upper tier local authorities (post 4/23)","Persons","<15 yrs","","","2023/24","59.9007","38.8704","79.3184","30.8357","94.0089","35","5843","","No significant change","Similar","Similar","20230000","","","1y"
"90284","Hospital admissions caused by unintentional and deliberate injuries in children (aged 0 to 14 years)","E92000001","England","E09000014","Haringey","Upper tier local authorities (post 4/23)","Persons","<15 yrs","","","2023/24","58.6404","51.5165","65.9796","47.835","70.5269","260","44338","","No significant change","Better","Better","20230000","","","1y"
"90284","Hospital admissions caused by unintentional and deliberate injuries in children (aged 0 to 14 years)","E92000001","England","E08000027","Dudley","Upper tier local authorities (post 4/23)","Persons","<15 yrs","","","2023/24","57.5631","51.4006","63.8884","48.1727","67.7753","335","58197","","Decreasing and getting better","Better","Better","20230000","","","1y"
"90284","Hospital admissions caused by unintentional and deliberate injuries in children (aged 0 to 14 years)","E92000001","England","E09000032","Wandsworth","Upper tier local authorities (post 4/23)","Persons","<15 yrs","","","2023/24","56.2871","49.5079","62.8556","46.0951","67.0399","280","49745","","No significant change","Better","Better","20230000","","","1y"
"90284","Hospital admissions caused by unintentional and deliberate injuries in children (aged 0 to 14 years)","E92000001","England","E06000060","Buckinghamshire UA","Upper tier local authorities (post 4/23)","Persons","<15 yrs","","","2023/24","55.8363","51.2395","60.3323","48.8235","63.1106","590","105666","","Cannot be calculated","Better","Better","20230000","","","1y"
"90284","Hospital admissions caused by unintentional and deliberate injuries in children (aged 0 to 14 years)","E92000001","England","E06000021","Stoke-on-Trent","Upper tier local authorities (post 4/23)","Persons","<15 yrs","","","2023/24","55.7236","49.387","62.6478","45.9949","66.8036","280","50248","","Decreasing and getting better","Better","Better","20230000","","","1y"
"90284","Hospital admissions caused by unintentional and deliberate injuries in children (aged 0 to 14 years)","E92000001","England","E10000024","Nottinghamshire","Upper tier local authorities (post 4/23)","Persons","<15 yrs","","","2023/24","55.5579","51.5894","59.4502","49.4779","61.8341","780","140394","","Decreasing and getting better","Better","Better","20230000","","","1y"
"90284","Hospital admissions caused by unintentional and deliberate injuries in children (aged 0 to 14 years)","E92000001","England","E09000004","Bexley","Upper tier local authorities (post 4/23)","Persons","<15 yrs","","","2023/24","55.2797","48.4315","61.9097","44.9974","66.1446","265","47938","","No significant change","Better","Better","20230000","","","1y"
"90284","Hospital admissions caused by unintentional and deliberate injuries in children (aged 0 to 14 years)","E92000001","England","E09000018","Hounslow","Upper tier local authorities (post 4/23)","Persons","<15 yrs","","","2023/24","55.1082","48.9757","61.4095","45.7761","65.2909","310","56253","","No significant change","Better","Better","20230000","","","1y"
"90284","Hospital admissions caused by unintentional and deliberate injuries in children (aged 0 to 14 years)","E92000001","England","E09000011","Greenwich","Upper tier local authorities (post 4/23)","Persons","<15 yrs","","","2023/24","54.9461","49.0763","61.7224","45.8272","65.6742","300","54599","","Decreasing and getting better","Better","Better","20230000","","","1y"
"90284","Hospital admissions caused by unintentional and deliberate injuries in children (aged 0 to 14 years)","E92000001","England","E09000022","Lambeth","Upper tier local authorities (post 4/23)","Persons","<15 yrs","","","2023/24","54.8681","47.6394","61.8534","44.0466","66.3429","235","42830","","Decreasing and getting better","Better","Better","20230000","","","1y"
"90284","Hospital admissions caused by unintentional and deliberate injuries in children (aged 0 to 14 years)","E92000001","England","E09000024","Merton","Upper tier local authorities (post 4/23)","Persons","<15 yrs","","","2023/24","54.6073","47.0773","61.8734","43.3608","66.5657","215","39372","","No significant change","Better","Better","20230000","","","1y"
"90284","Hospital admissions caused by unintentional and deliberate injuries in children (aged 0 to 14 years)","E92000001","England","E09000013","Hammersmith and Fulham","Upper tier local authorities (post 4/23)","Persons","<15 yrs","","","2023/24","54.456","45.9527","64.0762","41.5378","69.9368","145","26627","","No significant change","Better","Better","20230000","","","1y"
"90284","Hospital admissions caused by unintentional and deliberate injuries in children (aged 0 to 14 years)","E92000001","England","E08000019","Sheffield","Upper tier local authorities (post 4/23)","Persons","<15 yrs","","","2023/24","54.0887","49.3165","58.7493","46.825","61.643","515","95214","","Decreasing and getting better","Better","Better","20230000","","","1y"
"90284","Hospital admissions caused by unintentional and deliberate injuries in children (aged 0 to 14 years)","E92000001","England","E06000042","Milton Keynes","Upper tier local authorities (post 4/23)","Persons","<15 yrs","","","2023/24","52.7018","47.3962","59.1517","44.364","62.8156","320","60719","","Decreasing and getting better","Better","Better","20230000","","","1y"
"90284","Hospital admissions caused by unintentional and deliberate injuries in children (aged 0 to 14 years)","E92000001","England","E10000012","Essex","Upper tier local authorities (post 4/23)","Persons","<15 yrs","","","2023/24","52.6394","49.8596","55.379","48.3493","57.0315","1,415","268810","","Decreasing and getting better","Better","Better","20230000","","","1y"
"90284","Hospital admissions caused by unintentional and deliberate injuries in children (aged 0 to 14 years)","E92000001","England","E06000037","West Berkshire","Upper tier local authorities (post 4/23)","Persons","<15 yrs","","","2023/24","52.5689","45.1374","62.4438","40.9041","68.0258","150","28534","","Decreasing and getting better","Better","Better","20230000","","","1y"
"90284","Hospital admissions caused by unintentional and deliberate injuries in children (aged 0 to 14 years)","E92000001","England","E09000028","Southwark","Upper tier local authorities (post 4/23)","Persons","<15 yrs","","","2023/24","52.2377","46.3004","59.6581","42.9108","63.8663","245","46901","","Decreasing and getting better","Better","Better","20230000","","","1y"
"90284","Hospital admissions caused by unintentional and deliberate injuries in children (aged 0 to 14 years)","E92000001","England","E08000009","Trafford","Upper tier local authorities (post 4/23)","Persons","<15 yrs","","","2023/24","51.6007","45.2781","58.5589","41.9145","62.7482","240","46511","","Decreasing and getting better","Better","Better","20230000","","","1y"
"90284","Hospital admissions caused by unintentional and deliberate injuries in children (aged 0 to 14 years)","E92000001","England","E06000052","Cornwall","Upper tier local authorities (post 4/23)","Persons","<15 yrs","","","2023/24","51.5576","47.0126","56.6686","44.4774","59.6427","450","87281","<span class=""tooltipValueNote"">* Value for Cornwall and Isles of Scilly combined</span>","Decreasing and getting better","Better","Better","20230000","","","1y"
"90284","Hospital admissions caused by unintentional and deliberate injuries in children (aged 0 to 14 years)","E92000001","England","E09000029","Sutton","Upper tier local authorities (post 4/23)","Persons","<15 yrs","","","2023/24","51.4637","45.0372","59.0775","41.507","63.5273","215","41777","","No significant change","Better","Better","20230000","","","1y"
"90284","Hospital admissions caused by unintentional and deliberate injuries in children (aged 0 to 14 years)","E92000001","England","E06000040","Windsor and Maidenhead","Upper tier local authorities (post 4/23)","Persons","<15 yrs","","","2023/24","48.9787","40.7327","57.5792","36.658","63.0511","135","27563","","Cannot be calculated","Better","Better","20230000","","","1y"
"90284","Hospital admissions caused by unintentional and deliberate injuries in children (aged 0 to 14 years)","E92000001","England","E09000008","Croydon","Upper tier local authorities (post 4/23)","Persons","<15 yrs","","","2023/24","48.9276","44.3195","54.454","41.6844","57.596","370","75622","","No significant change","Better","Better","20230000","","","1y"
"90284","Hospital admissions caused by unintentional and deliberate injuries in children (aged 0 to 14 years)","E92000001","England","E09000016","Havering","Upper tier local authorities (post 4/23)","Persons","<15 yrs","","","2023/24","48.6362","42.9759","55.2606","39.8553","59.1281","250","51402","","Decreasing and getting better","Better","Better","20230000","","","1y"
"90284","Hospital admissions caused by unintentional and deliberate injuries in children (aged 0 to 14 years)","E92000001","England","E09000010","Enfield","Upper tier local authorities (post 4/23)","Persons","<15 yrs","","","2023/24","48.6071","43.7138","54.5559","40.9172","57.9351","320","65834","","No significant change","Better","Better","20230000","","","1y"
"90284","Hospital admissions caused by unintentional and deliberate injuries in children (aged 0 to 14 years)","E92000001","England","E09000002","Barking and Dagenham","Upper tier local authorities (post 4/23)","Persons","<15 yrs","","","2023/24","48.5229","43.1539","55.1896","40.088","58.9719","260","53583","","No significant change","Better","Better","20230000","","","1y"
"90284","Hospital admissions caused by unintentional and deliberate injuries in children (aged 0 to 14 years)","E92000001","England","E06000018","Nottingham","Upper tier local authorities (post 4/23)","Persons","<15 yrs","","","2023/24","47.9778","42.0908","53.6788","39.1347","57.317","270","56276","","No significant change","Better","Better","20230000","","","1y"
"90284","Hospital admissions caused by unintentional and deliberate injuries in children (aged 0 to 14 years)","E92000001","England","E06000033","Southend-on-Sea","Upper tier local authorities (post 4/23)","Persons","<15 yrs","","","2023/24","47.9372","40.1174","55.439","36.3676","60.379","155","32334","","No significant change","Better","Better","20230000","","","1y"
"90284","Hospital admissions caused by unintentional and deliberate injuries in children (aged 0 to 14 years)","E92000001","England","E06000041","Wokingham","Upper tier local authorities (post 4/23)","Persons","<15 yrs","","","2023/24","45.7064","38.4863","52.641","35.0035","57.1895","165","36100","","Decreasing and getting better","Better","Better","20230000","","","1y"
"90284","Hospital admissions caused by unintentional and deliberate injuries in children (aged 0 to 14 years)","E92000001","England","E09000025","Newham","Upper tier local authorities (post 4/23)","Persons","<15 yrs","","","2023/24","42.9658","38.511","48.416","35.9656","51.5108","300","69823","","Decreasing and getting better","Better","Better","20230000","","","1y"
"90284","Hospital admissions caused by unintentional and deliberate injuries in children (aged 0 to 14 years)","E92000001","England","E06000039","Slough","Upper tier local authorities (post 4/23)","Persons","<15 yrs","","","2023/24","42.628","36.5241","50.0561","33.198","54.4072","160","37534","","Cannot be calculated","Better","Better","20230000","","","1y"
"90284","Hospital admissions caused by unintentional and deliberate injuries in children (aged 0 to 14 years)","E92000001","England","E06000034","Thurrock","Upper tier local authorities (post 4/23)","Persons","<15 yrs","","","2023/24","42.2119","35.6809","48.999","32.4106","53.2843","160","37904","","Decreasing and getting better","Better","Better","20230000","","","1y"
"90284","Hospital admissions caused by unintentional and deliberate injuries in children (aged 0 to 14 years)","E92000001","England","E06000015","Derby","Upper tier local authorities (post 4/23)","Persons","<15 yrs","","","2023/24","42.0926","36.5915","48.1872","33.6818","51.867","210","49890","","Decreasing and getting better","Better","Better","20230000","","","1y"
"90284","Hospital admissions caused by unintentional and deliberate injuries in children (aged 0 to 14 years)","E92000001","England","E09000026","Redbridge","Upper tier local authorities (post 4/23)","Persons","<15 yrs","","","2023/24","41.1382","36.4796","46.5659","33.9078","49.7335","265","64417","","Decreasing and getting better","Better","Better","20230000","","","1y"
"90284","Hospital admissions caused by unintentional and deliberate injuries in children (aged 0 to 14 years)","E92000001","England","E10000018","Leicestershire","Upper tier local authorities (post 4/23)","Persons","<15 yrs","","","2023/24","39.97","36.4738","43.711","34.568","45.9357","480","120090","","Decreasing and getting better","Better","Better","20230000","","","1y"
"90284","Hospital admissions caused by unintentional and deliberate injuries in children (aged 0 to 14 years)","E92000001","England","E09000006","Bromley","Upper tier local authorities (post 4/23)","Persons","<15 yrs","","","2023/24","39.5687","34.4116","44.5538","31.8443","47.7543","240","60654","","Decreasing and getting better","Better","Better","20230000","","","1y"
"90284","Hospital admissions caused by unintentional and deliberate injuries in children (aged 0 to 14 years)","E92000001","England","E06000016","Leicester","Upper tier local authorities (post 4/23)","Persons","<15 yrs","","","2023/24","29.2916","25.2524","33.1891","23.2589","35.706","215","73400","","No significant change","Better","Better","20230000","","","1y"
"90284","Hospital admissions caused by unintentional and deliberate injuries in children (aged 0 to 14 years)","E92000001","England","E09000001","City of London","Upper tier local authorities (post 4/23)","Persons","<15 yrs","","","2023/24","","","","","","<div class=""no-data"">-</div>","","<span class=""tooltipValueNote"">* Value for Hackney and City of London combined</span>","Cannot be calculated","Not compared","Not compared","20230000","","","1y"
"90284","Hospital admissions caused by unintentional and deliberate injuries in children (aged 0 to 14 years)","E92000001","England","E06000053","Isles of Scilly","Upper tier local authorities (post 4/23)","Persons","<15 yrs","","","2023/24","","","","","","<div class=""no-data"">-</div>","","<span class=""tooltipValueNote"">* Value for Cornwall and Isles of Scilly combined</span>","Cannot be calculated","Not compared","Not compared","20230000","","","1y"
